{
  "mass": 0.30481,
  "F_x_Cload": [-0.00005, 0, -0.04848],
  "load_inertia": [0.00225817024, 0.00000094781, 0.00000039764, 0.00000094781, 0.0023852407, 0, 0.00000039764, 0, 0.00015113741]
}
