{
  "mass": 0.30481,
  "F_x_Cload": [-0.00005, 0.04848, 0],
  "load_inertia": [0.00156282151, 0.00000116608, -0.00000095097, 0.00000116608, 0.00012819461, 0, -0.00000095097, 0, 0.00166694917]
}
