{
  "mass": 0.24597,
  "F_x_Cload": [0, 0, -0.06938],
  "load_inertia": [0.0009769897, 0.00000094781, 0, 0.00000094781, 0.00110083182, 0, 0, 0, 0.00014396956]
}
