{
  "mass": 0.30481,
  "F_x_Cload": [-0.00005, 0, -0.04848],
  "load_inertia": [0.00154839436, 0.00000094781, 0.00000116249, 0.00000094781, 0.00167546399, 0, 0.00000116249, 0, 0.00015113659]
}
