{
  "mass": 0.24597,
  "F_x_Cload": [0, 0.06966, 0],
  "load_inertia": [0.00098849494, 0, -0.00000095097, 0, 0.00012102758, 0, -0.00000095097, 0, 0.00108939509]
}
