{
  "mass": 0.24597,
  "F_x_Cload": [0, 0, -0.06938],
  "load_inertia": [0.00216104983, 0.00000094781, 0, 0.00000094781, 0.00228489196, 0, 0, 0, 0.00014396956]
}
