{
  "mass": 0.30481,
  "F_x_Cload": [-0.00005, 0.04848, 0],
  "load_inertia": [0.00227927833, 0.00000039764, -0.00000095097, 0.00000039764, 0.00012819543, 0, -0.00000095097, 0, 0.00238340681]
}
